<?xml version="1.0" encoding="UTF-8" ?>
<extension type="package" version="1.7" method="upgrade">
	<name>Finder</name>
	<packagename>finder</packagename>
	<creationDate>August 2011</creationDate>
	<packager>JXtended</packager>
	<copyright>Copyright (C) 2007 - 2010 JXtended, LLC. All rights reserved.</copyright>
	<packageremail>info@jxtended.com</packageremail>
	<packagerurl>http://jxtended.com/</packagerurl>
	<author>JXtended</author>
	<authorEmail>info@jxtended.com</authorEmail>
	<authorUrl>http://jxtended.com/</authorUrl>
	<version>2.0.1</version>
	<license>GNU/GPL Version 2 or later</license>
	<description>FINDER_DESC</description>
	<files folder="packages">
		<!-- The id for each extension is the element stored in the DB -->
		<file type="component" id="com_finder">com_finder.zip</file>
		<file type="module" id="mod_finder" client="site">mod_finder.zip</file>
		<file type="module" id="mod_finder_status" client="administrator">mod_finder_status.zip</file>
		<file type="plugin" id="finder" group="system">plg_system_finder.zip</file>
	</files>
</extension>
